ref_id,ref
1,"{'full': 'Heintz, A.; Verevkin, S. P.; Lehmann, J. K.; Vasiltsova, T. V.; Ondo, D. (2007) J. Chem. Thermodyn. 39(2), 268-274.', 'title': 'Activity coefficients at infinite dilution and enthalpies of solution of methanol, 1-butanol, and 1-hexanol in 1-hexyl-3-methyl-imidazolium bis(trifluoromethyl-sulfonyl) imide'}"
2,"{'full': 'Rosenboom, J.-G.; Afzal, W.; Prausnitz, J. M. (2012) J. Chem. Thermodyn. 47, 320-327.', 'title': 'Solubilities of some organic solutes in 1-ethyl-3-methylimidazolium acetate. Chromatographic measurements and predictions from COSMO-RS'}"
3,"{'full': 'Heintz, A.; Verevkin, S. P.; Ondo, D. (2006) J. Chem. Eng. Data 51(2), 434-437.', 'title': 'Thermodynamic Properties of Mixtures Containing Ionic Liquids. 8. Activity Coefficients at Infinite Dilution of Hydrocarbons, Alcohols, Esters, and Aldehydes in 1-Hexyl-3-methylimidazolium Bis(trifluoromethylsulfonyl) Imide Using Gas-Liquid Chromatography'}"
4,"{'full': 'Dobryakov, Y. G.; Tuma, D.; Maurer, G. (2008) J. Chem. Eng. Data 53(9), 2154-2162.', 'title': 'Activity Coefficients at Infinite Dilution of Alkanols in the Ionic Liquids 1-Butyl-3-methylimidazolium Hexafluorophosphate, 1-Butyl-3-methylimidazolium Methyl Sulfate, and 1-Hexyl-3-methylimidazolium Bis(trifluoromethylsulfonyl) Amide Using the Dilutor Technique'}"
5,"{'full': 'Domanska, U.; Krolikowska, M. (2010) J. Phys. Chem. B 114, 8460-8466.', 'title': 'Measurements of Activity Coefficients at Infinite Dilution in Solvent Mixtures with Thiocyanate-Based Ionic Liquids Using GLC Technique'}"
6,"{'full': 'Domanska, U.; Laskowska, M. (2009) J. Chem. Thermodyn. 41(5), 645-650.', 'title': 'Measurements of activity coefficients at infinite dilution of aliphatic and aromatic hydrocarbons, alcohols, thiophene, tetrahydrofuran, MTBE, and water in ionic liquid [BMIM][SCN] using GLC'}"
7,"{'full': 'Domanska, U.; Marciniak, A. (2007) J. Phys. Chem. B 111(41), 11984-11988.', 'title': 'Activity Coefficients at Infinite Dilution Measurements for Organic Solutes and Water in the Ionic Liquid 1-Ethyl-3-methylimidazolium Trifluoroacetate'}"
8,"{'full': 'Domanska, U.; Marciniak, A. (2008) J. Chem. Thermodyn. 40(5), 860-866.', 'title': 'Measurements of activity coefficients at infinite dilution of aromatic  and aliphatic hydrocarbons, alcohols, and water in the new ionic  liquid [EMIM][SCN] using GLC'}"
9,"{'full': 'Domanska, U.; Marciniak, A. (2008) J. Phys. Chem. B 112, 11100-11105.', 'title': 'Activity Coefficients at Infinite Dilution Measurements for Organic Solutes and Water in the Ionic Liquid 1-Butyl-3-methylimidazolium Trifluoromethanesulfonate'}"
10,"{'full': 'Domanska, U.; Marciniak, A. (2009) J. Chem. Thermodyn. 41(6), 754-758.', 'title': 'Activity coefficients at infinite dilution measurements for organic solutes and  water in the ionic liquid triethylsulphonium bis(trifluoromethylsulfonyl)imide'}"
11,"{'full': 'Domanska, U.; Marciniak, A. (2009) J. Chem. Thermodyn. 41(12), 1350-1355.', 'title': 'Activity coefficients at infinite dilution measurements for organic solutes  and water in the ionic liquid 4-methyl-N-butyl-pyridinium  bis(trifluoromethylsulfonyl)-imide'}"
12,"{'full': 'Domanska, U.; Marciniak, A. (2009) Fluid Phase Equilib. 286(2), 154-161.', 'title': 'Activity coefficients at infinite dilution measurements for organic solutes  and water in the 1-hexyloxymethyl-3-methyl-imidazolium and  1,3-dihexyloxymethyl-imidazolium bis(trifluoromethylsulfonyl)-imide ionic  liquids The cation influence'}"
13,"{'full': 'Domanska, U.; Marciniak, A. (2010) J. Phys. Chem. B 112(35), 11100-11105.', 'title': 'Activity Coefficients at Infinite Dilution Measurements for Organic Solutes and Water in the Ionic Liquid 1-Butyl-3-methylimidazolium Trifluoromethanesulfonate'}"
14,"{'full': 'Domanska, U.; Paduszynski, K. (2010) J. Chem. Thermodyn. 42(6), 707-711.', 'title': 'Gas liquid chromatography measurements of activity coefficients at infinite dilution of various organic solutes and water in tri-iso-butylmethylphosphonium tosylate ionic liquid'}"
15,"{'full': 'Domanska, U.; Marciniak, A.; Krolikowska, M.; Arasimowicz, M. (2010) J. Chem. Eng. Data 55(7), 2532-2536.', 'title': 'Activity Coefficients at Infinite Dilution Measurements for Organic Solutes and Water in the Ionic Liquid 1-Hexyl-3-methylimidazolium Thiocyanate'}"
16,"{'full': 'Domanska-Zelazna, U.; Redhi, G. G.; Marciniak, A. (2009) Fluid Phase Equilib. 278(1-2), 97-102.', 'title': 'Activity coefficients at infinite dilution measurements for organic solutes and  water in the ionic liquid 1-butyl-1-methylpyrrolidinium  trifluoromethanesulfonate using GLC'}"
17,"{'full': 'Heintz, A.; Vasiltsova, T. V.; Safarov, J.; Bich, E.; Verevkin, S. P. (2006) J. Chem. Eng. Data 51(2), 648-655.', 'title': 'Thermodynamic Properties of Mixtures Containing Ionic Liquids. 9. Activity Coefficients at Infinite Dilution of Hydrocarbons, Alcohols, Esters, and Aldehydes in Trimethyl-butylammonium Bis(trifluoromethylsulfonyl) Imide Using Gas-Liquid Chromatography and Static Method'}"
18,"{'full': 'Shevelyova, M. P.; Zaitsau, D. H.; Paulechka, Y. U.; Blokhin, A. V.; Kabo, G. J. (2007) J. Chem. Eng. Data 52(4), 1360-1365.', 'title': 'Solid-Liquid Equilibrium and Activity Coefficients for Caprolactam + 1-Hexyl-3-methylimidazolium Bis(trifluoromethylsulfonyl)imide and Cyclohexanone Oxime + 1-Hexyl-3-methylimidazolium Bis(trifluoromethylsulfonyl)imide'}"
19,"{'full': 'Tumba, K.; Reddy, P.; Naidoo, P.; Ramjugernath, D. (2011) J. Chem. Thermodyn. 43(5), 670-676.', 'title': 'Activity coefficients at infinite dilution of organic solutes in the ionic liquid trihexyl(tetradecyl)phosphonium tetrafluoroborate using gas liquid  chromatography at T = (313.15, 333.15, 353.15, and 373.15) K'}"
20,"{'full': 'Tumba, K.; Letcher, T.; Naidoo, P.; Ramjugernath, D. (2012) J. Chem. Thermodyn. 49, 46-53.', 'title': 'Activity coefficients at infinite dilution of organic solutes in the ionic liquid  trihexyltetradecylphosphonium hexafluorophosphate using gas liquid  chromatography at T = (313.15, 333.15, 353.15, and 363.15) K'}"
21,"{'full': 'Wlazlo, M.; Marciniak, A.; Zawadzki, M.; Dudkiewicz, B. (2015) J. Chem. Thermodyn. 86, 154-161.', 'title': 'Activity coefficients at infinite dilution and physicochemical properties for organic solutes and water in the ionic liquid 4-(3-hydroxypropyl)-4-methylmorpholinium bis(trifluoromethylsulfonyl)-amide'}"
22,"{'full': 'Domanska, U.; Marciniak, A. (2010) J. Phys. Chem. B 114, 16542-16547.', 'title': 'Physicochemical Properties and Activity Coefficients at Infinite Dilution for Organic Solutes and Water in the Ionic Liquid 1-Decyl-3-methylimidazolium Tetracyanoborate'}"
23,"{'full': 'Domanska, U.; Krolikowska, M.; Acree, Jr., W. E.; Baker, G. A. (2011) J. Chem. Thermodyn. 43(7), 1050-1057.', 'title': 'Activity coefficients at infinite dilution measurements for organic solutes and water in the ionic liquid 1-ethyl-3-methylimidazolium tetracyanoborate'}"
24,"{'full': 'Domanska, U.; Karpinska, M.; Zawadzki, M. (2015) J. Chem. Thermodyn. 89, 127-133.', 'title': 'Activity coefficients at infinite dilution for organic solutes and water in 1-ethyl-1-methylpyrrolidinium lactate'}"
25,"{'full': 'Domanska, U.; Wlazlo, M.; Karpinska, M.; Zawadzki, M. (2017) J. Chem. Thermodyn. 110, 227-236.', 'title': 'Separation of binary mixtures hexane/hex-1-ene, cyclohexane/cyclohexene and ethylbenzene/styrene based on limiting activity coefficients'}"
26,"{'full': 'Ge, M.-L.; Wang, L. -S. (2008) J. Chem. Eng. Data 53(3), 846-849.', 'title': 'Activity Coefficients at Infinite Dilution of Polar Solutes in 1-Butyl-3-methylimidazolium Trifluoromethanesulfonate Using Gas Liquid Chromatography'}"
27,"{'full': 'Ge, M.-L.; Wang, L. -S.; Li, M.-Y.; Wu, J.-S. (2007) J. Chem. Eng. Data 52(6), 2257-2260.', 'title': 'Activity Coefficients at Infinite Dilution of Alkanes, Alkenes, and Alkyl Benzenes in 1-Butyl-3-methylimidazolium Trifluoromethanesulfonate Using Gas-Liquid Chromatography'}"
28,"{'full': 'Ge, M.-L.; Wang, L. -S.; Wu, J.-S.; Zhou, Q. (2008) J. Chem. Eng. Data 53(8), 1970-1974.', 'title': 'Activity Coefficients at Infinite Dilution of Organic Solutes in 1-Ethyl-3-methylimidazolium Tetrafluoroborate Using Gas-Liquid Chromatography'}"
29,"{'full': 'Ge, M.-L.; Wu, J.-S.; Wang, M.-H.; Wang, L. -S. (2008) J. Chem. Eng. Data 53(3), 871-873.', 'title': 'Activity Coefficients at Infinite Dilution of Polar Solutes in 1-Propyl-2,3-dimethylimidazolium Tetrafluoroborate Using Gas Liquid Chromatography'}"
30,"{'full': 'Jiang, L.-K.; Wang, L.-S.; Du, C.-J.; Wang, X.-Y. (2014) J. Chem. Thermodyn. 70, 138-146.', 'title': 'Activity coefficients at infinite dilution of organic solutes in 1-hexyl-3- methylimidazolium trifluoroacetate and influence of interfacial adsorption using gas liquid chromatography'}"
31,"{'full': 'Karpinska, M.; Wlazlo, M.; Zawadzki, M.; Domanska, U. (2018) J. Chem. Thermodyn. 118, 244-254.', 'title': 'Separation of binary mixtures hexane/hex-1-ene, cyclohexane/cyclohexene and ethylbenzene/styrene based on gamma infinity data measurements'}"
32,"{'full': 'Krolikowska, M.; Karpinska, M.; Krolikowski, M. (2013) J. Chem. Thermodyn. 62, 1-7.', 'title': 'Measurements of activity coefficients at infinite dilution for organic solutes and water in N-hexylisoquinolinium thiocyanate, [HiQuin][SCN] using GLC'}"
33,"{'full': 'Krolikowski, M.; Krolikowski, M. (2014) J. Chem. Thermodyn. 68, 138-144.', 'title': 'The study of activity coefficients at infinite dilution for organic solutes and water in 1-butyl-4-methylpyridinium dicyanamide, [B4MPy][DCA] using GLC'}"
34,"{'full': 'Li, Y.; Wang, L. -S.; Zhang, Y. (2010) J. Chem. Eng. Data 55(4), 1732-1734.', 'title': 'Activity Coefficients at Infinite Dilution of Polar Solutes in 1-(2-Hydroxyethyl)-3-methylimidazolium Tetrafluoroborate Using Gas-Liquid Chromatography'}"
35,"{'full': 'Li, Y.; Wang, L. -S.; Li, M.-Y.; Tian, N.-N. (2011) J. Chem. Eng. Data 56(4), 1704-1708.', 'title': 'Activity Coefficients at Infinite Dilution of Organic Solutes in 1-Decyl-3-methylimidazolium Tetrafluoroborate Using Gas-Liquid Chromatography'}"
36,"{'full': 'Marciniak, A. (2011) J. Chem. Thermodyn. 43(10), 1446-1452.', 'title': 'Activity coefficients at infinite dilution and physicochemical properties for organic solutes and water in the ionic liquid 1-(3-hydroxypropyl)pyridinium bis(trifluoromethylsulfonyl)-amide'}"
37,"{'full': 'Paduszynski, K.; Krolikowska, M. (2016) J. Mol. Liq. 221, 235-244.', 'title': 'Interactions between molecular solutes and task-specific ionic liquid: Measurements of infinite dilution activity coefficients and modeling'}"
38,"{'full': 'Sumartschenkowa, I. A.; Verevkin, S. P.; Vasiltsova, T. V.; Bich, E.; Heintz, A.; Shevelyova, M. P.; Kabo, G. J. (2006) J. Chem. Eng. Data 51(6), 2138.', 'title': 'Experimental Study of Thermodynamic Properties of Mixtures Containing Ionic Liquid 1-Ethyl-3-methylimidazolium Ethyl Sulfate Using Gas-Liquid Chromatography and Transpiration Method'}"
39,"{'full': 'Stark, A.; Ondruschka, B.; Zaitsau, D. H.; Verevkin, S. P. (2012) J. Chem. Eng. Data 57(11), 2985-2991.', 'title': 'Biomass-Derived Platform Chemicals: Thermodynamic Studies on the Extraction of 5-Hydroxymethylfurfural from Ionic Liquids'}"
40,"{'full': 'Wang, M.-H.; Wu, J.-S.; Wang, L. -S.; Li, M.-Y. (2007) J. Chem. Eng. Data 52(4), 1488-1491.', 'title': 'Activity Coefficients at Infinite Dilution of Alkanes, Alkenes, and Alkyl Benzenes in 1-Propyl-2,3-dimethylimidazolium Tetrafluoroborate Using Gas-Liquid Chromatography'}"
41,"{'full': 'Wlazlo, M.; Karpinska, M.; Domanska, U. (2016) J. Chem. Thermodyn. 97, 253-260.', 'title': 'A 1-alkylcyanopyridinium-based ionic liquid in the separation processes'}"
42,"{'full': 'Yang, X.-J.; Wu, J.-S.; Ge, M.-L.; Wang, L. -S.; Li, M.-Y. (2008) J. Chem. Eng. Data 53(5), 1220-1222.', 'title': 'Activity Coefficients at Infinite Dilution of Alkanes, Alkenes, and Alkyl Benzenes in 1-Hexyl-3-methylimidazolium Trifluoromethanesulfonate Using Gas-Liquid Chromatography'}"
43,"{'full': 'Zhang, Y.; Wang, L. -S.; Li, Y. (2009) J. Chem. Eng. Data 54(10), 2887-2890.', 'title': 'Activity Coefficients at Infinite Dilution of Alkanes, Alkenes, and Alkyl Benzenes in 1-(2-Hydroxyethyl)-3-methylimidazolium Tetrafluoroborate Using Gas-Liquid Chromatography'}"
44,"{'full': 'Baelhadj, A. C.; Mutelet, F.; Jiang, B.; Acree Jr., W. E. (2016) J. Mol. Liq. 223, 89-99.', 'title': 'Activity coefficients at infinite dilution for organic solutes dissolved in two 1,2,3-tris(diethylamino)cyclopenylium based room temperature ionic liquids'}"
45,"{'full': 'Chen, J.-Y.; Jiang, H.-X.; Liu, J.-L.; Jia, H.-X.; Jiao, Y.-H.; Ge, M.-L.; Kang, R.-X.; Peng, X.-M.; Xiong, J.-M. (2017) J. Chem. Thermodyn. 115, 12-18.', 'title': 'Thermodynamics and activity coefficients at infinite dilution for organic compounds and water in the ionic liquid 1-butyl-3-methylimidazolium perchlorate'}"
46,"{'full': 'Chen, Di-Wei; Zhang, Chen; Zhang, Zhen-Yu; Peng, Xiao-Ming; Ren, Rui-Zhen; Ge, Ming-Lan (2023) Fluid Phase Equilib. 567, 113713.', 'title': 'Measurements and correlation of activity coefficients at infinite dilution for organic solutes in 1-heptyl-3-methylimidazolium chloride'}"
47,"{'full': 'Deenadayalu, N.; Thango, S. H.; Letcher, T. M.; Ramjugernath, D. (2006) J. Chem. Thermodyn. 38(5), 542-546.', 'title': 'Measurement of activity coefficients at infinite dilution using polar and non-polar solutes in the ionic liquid 1-methyl-3-octyl-imidazolium diethyleneglycolmonomethylethersulfate at T = (288.15, 298.15, and 313.15) K'}"
48,"{'full': 'Domanska, U.; Karpinska, M. (2018) J. Chem. Thermodyn. 127, 95-105.', 'title': 'The use of ionic liquids for separation of binary hydrocarbons mixtures based on gamma infinity data measurements'}"
49,"{'full': 'Domanska, U.; Krolikowski, M. (2012) J. Chem. Thermodyn. 54, 20-27.', 'title': 'Measurements of activity coefficients at infinite dilution for organic solutes and water in the ionic liquid 1-ethyl-3-methylimidazolium methanesulfonate'}"
50,"{'full': 'Domanska, U.; Lukoshko, E. V. (2013) J. Chem. Thermodyn. 66, 144-150.', 'title': 'Measurements of activity coefficients at infinite dilution for organic solutes and water in the ionic liquid 1-butyl-1-methylpyrrolidinium tricyanomethanide'}"
51,"{'full': 'Domanska, U.; Paduszynski, K. (2010) J. Chem. Thermodyn. 42(11), 1361-1366.', 'title': 'Measurements of activity coefficients at infinite dilution of organic solutes and water in 1-propyl-1-methylpiperidinium bis{(trifluoromethyl)sulfonyl}imide ionic liquid using g.l.c.'}"
52,"{'full': 'Domanska, U.; Wlazlo, M. (2016) J. Chem. Thermodyn. 103, 76-85.', 'title': 'Thermodynamics and limiting activity coefficients measurements for organic solutes and water in the ionic liquid 1-dodecyl-3-methylimidzolium bis(trifluoromethylsulfonyl) imide'}"
53,"{'full': 'Domanska, U.; Krolikowski, M.; Acree, Jr., W. E. (2011) J. Chem. Thermodyn. 43(12), 1810-1817.', 'title': 'Thermodynamics and activity coefficients at infinite dilution measurements  for organic solutes and water in the ionic liquid 1-butyl-1-methylpyrrolidinium  tetracyanoborate'}"
54,"{'full': 'Domanska, U.; Lukoshko, E. V.; Wlazlo, M. (2012) J. Chem. Thermodyn. 47, 389-396.', 'title': 'Measurements of activity coefficients at infinite dilution for organic solutes and water in the ionic liquid 1-hexyl-3-methylimidazolium tetracyanoborate'}"
55,"{'full': 'Domanska, U.; Lukoshko, E. V.; Krolikowski, M. (2012) Chem. Eng. J. 183, 261-270.', 'title': 'Measurements of activity coefficients at infinite dilution for organic solutes and water in the ionic liquid 1-butyl-1-methylpyrrolidinium tris(pentafluoroethyl)trifluorophosphate ([BMPYR][FAP])'}"
56,"{'full': 'Domanska, U.; Papis, P.; Szydlowski, J. (2014) J. Chem. Thermodyn. 77, 63-70.', 'title': 'Thermodynamics and activity coefficients at infinite dilution for organic solutes, water and diols in the ionic liquid choline bis(trifluoromethylsulfonyl)imide'}"
57,"{'full': 'Domanska, U.; Wlazlo, M.; Karpinska, M. (2016) Fluid Phase Equilib. 417, 50-61.', 'title': 'Activity coefficients at infinite dilution of organic solvents and water in 1-butyl-3-methylimidazolium dicyanamide. A literature review of hexane/hex-1-ene separation'}"
58,"{'full': 'Domanska, U.; Wlazlo, M.; Karpinska, M.; Zawadzki, M. (2017) Fluid Phase Equilib. 449, 1-9.', 'title': 'High selective water/butan-1-ol separation on investigation of limiting activity coefficients with [P8,8,8,8][[NTf2] ionic liquid'}"
59,"{'full': 'Domanska, Urszula; Karpinska, Monika; Wlazlo, Michal (2018) J. Chem. Thermodyn. 121, 112-120.', 'title': 'Thermodynamic study of molecular interaction-selectivity in separation processes based on limiting activity coefficients'}"
60,"{'full': 'Domanska, Urszula; Wlazlo, Michal; Karpinska, Monika; Zawadzki, Maciej (2018) Fluid Phase Equilib. 475, 89-94.', 'title': 'New ionic liquid [P4,4,4,4][NTf2] in bio-butanol extraction on investigation of limiting activity coefficients'}"
61,"{'full': 'Domanska, Urszula; Karpinska, Monika; Wisniewska, Anna; Dabrowski, Zbigniew (2019) Fluid Phase Equilib. 479, 9-16.', 'title': 'Ammonium ionic liquids in extraction of bio-butan-1-ol from water phase using activity coefficients at infinite dilution'}"
62,"{'full': 'Domanska, Urszula; Wlazlo, Michal; Karpinska, Monika (2020) Fluid Phase Equilib. 507, 112424.', 'title': '[DCA]-based ionic liquids for the extraction of sulfur and nitrogen compounds from fuels: Activity coefficients at infinite dilution'}"
63,"{'full': 'Dominguez, I.; Gonzalez, B.; Orge, B.; Held, C.; Voges, M.; Macedo, E. A. (2016) Fluid Phase Equilib. 424, 32-40.', 'title': 'Activity coefficients at infinite dilution for different alcohols and ketones in [EMpy][ESO4]: Experimental data and modeling with PC-SAFT'}"
64,"{'full': 'Ge, M.-L.; Song, X.-J.; Li, G.-M.; Li, Y.-H.; Liu, F.-Z.; Ma, H.-L. (2012) J. Chem. Eng. Data 57(8), 2109-2113.', 'title': 'Activity Coefficients at Infinite Dilution of Alkanes, Alkenes, and Alkyl Benzenes in 1-Butyl-3-methylimidazolium Dibutylphosphate Using Gas Liquid Chromatography'}"
65,"{'full': 'Ge, M.-L.; Deng, X.-M.; Zhang, L.-H.; Chen, J.-Y.; Xiong, J.-M.; Li, W.-H. (2014) J. Chem. Thermodyn. 77, 7-13.', 'title': 'Activity coefficients at infinite dilution of organic solutes in the ionic liquid 1-butyl-3-methylimidazolium methyl sulfate'}"
66,"{'full': 'Ge, M.-L.; Lu, C.-Y.; Liu, X.-Y.; Li, X.-B.; Chen, J.-Y.; Xiong, J.-M. (2015) J. Chem. Thermodyn. 91, 279-285.', 'title': 'Activity coefficients at infinite dilution of alkanes, alkenes, alkyl benzenes in dimethylphosphate based ionic liquids using gas liquid chromatography'}"
67,"{'full': 'Gwala, N. V. V.; Deenadayalu, N.; Tumba, K.; Ramjugernath, D. (2010) J. Chem. Thermodyn. 42(2), 256-261.', 'title': 'Activity coefficients at infinite dilution for solutes in the trioctylmethylammonium bis(trifluoromethylsulfonyl)imide ionic liquid using gas liquid chromatography'}"
68,"{'full': 'He, Zhuang-Zhuang; Li, Rui-Qi; Sun, Ai-Lin; Mu, Zhao; Xiao, Yan-Li; Chang, Hui-Wen; Jiao, Yu-Hai; Ge, Ming-Lan (2020) J. Chem. Thermodyn. 140, 105894.', 'title': 'Experimental and theoretical study on infinite dilution activity coefficients of various solutes in ionic liquid 1-propyl-2,3-dimethylimidazolium bis(trifluoromethylsulfonyl)imide'}"
69,"{'full': 'Hector, T.; Uhlig, L.; Gmehling, J. (2013) Fluid Phase Equilib. 338, 135-140.', 'title': 'Prediction of different thermodynamic properties for systems of alcohols and sulfate-based anion Ionic Liquids using modified UNIFAC'}"
70,"{'full': 'Inoue, G.; Iwai, Y.; Yasutake, M.; Honda, K.; Arai, Y. (2007) Fluid Phase Equilib. 251(1), 17-23.', 'title': 'Measurement of infinite dilution activity coefficients of n-alkanes in 4-methyl-n-butylpyridinium tetrafluoroborate using gas liquid chromatography'}"
71,"{'full': 'Karpinska, M.; Wlazlo, M. (2020) J. Mol. Liq. 310, 113176.', 'title': 'Application of dicyanamide-based ionic liquid in separation of binary mixtures based on gamma infinity data measurements'}"
72,"{'full': 'Karpinska, M.; Wlazlo, M.; Domanska, U. (2017) J. Mol. Liq. 225, 382-390.', 'title': 'Separation of binary mixtures based on gamma infinity data using [EMIM][TCM] ionic liquid and modelling of thermodynamic functions'}"
73,"{'full': 'Lukhosko, E.; Mutelet, F.; Domanska, U. (2015) J. Chem. Thermodyn. 85, 49-56.', 'title': 'Experimental and theoretically study of interaction between organic compounds and tricyanomethanide based ionic liquids'}"
74,"{'full': 'Marciniak, A.; Wlazlo, M. (2010) J. Chem. Eng. Data 55(9), 3208-3211.', 'title': 'Activity Coefficients at Infinite Dilution Measurements for Organic Solutes and Water in the Ionic Liquid 1-Butyl-3-methyl-pyridinium Trifluoromethanesulfonate'}"
75,"{'full': 'Marciniak, A.; Wlazlo, M. (2012) J. Chem. Thermodyn. 54, 90-96.', 'title': 'Activity coefficients at infinite dilution and physicochemical properties for organic solutes and water in the ionic liquid  1-(2-methoxyethyl)-1-methylpyrrolidinium bis(trifluoromethylsulfonyl)-amide'}"
76,"{'full': 'Marciniak, A.; Wlazlo, M. (2012) J. Chem. Thermodyn. 47, 382-388.', 'title': 'Activity coefficients at infinite dilution and physicochemical properties for organic solutes and water in the ionic liquid 4-(2-methoxyethyl)-4-methylmorpholinium bis(trifluoromethylsulfonyl)-amide'}"
77,"{'full': 'Marciniak, A.; Wlazlo, M. (2012) J. Chem. Thermodyn. 49, 137-145.', 'title': 'Activity coefficients at infinite dilution and physicochemical properties  for organic solutes and water in the ionic liquid  1-(2-methoxyethyl)-1-methylpiperidinium bis(trifluoromethylsulfonyl)-amide'}"
78,"{'full': 'Marciniak, A.; Wlazlo, M. (2013) J. Chem. Thermodyn. 57, 197-202.', 'title': 'Activity coefficients at infinite dilution and physicochemical properties  for organic solutes and water in the ionic liquid 1-(2-methoxyethyl)-  1-methylpiperidinium trifluorotris(perfluoroethyl)phosphate'}"
79,"{'full': 'Marciniak, A.; Wlazlo, M. (2013) J. Chem. Thermodyn. 64, 114-119.', 'title': 'Activity coefficients at infinite dilution and physicochemical properties for organic solutes and water in the ionic liquid 1-(2-hydroxyethyl)- 3-methylimidazolium trifluorotris(perfluoroethyl)phosphate'}"
80,"{'full': 'Marciniak, A.; Wlazlo, M. (2013) J. Chem. Thermodyn. 60, 57-62.', 'title': 'Activity coefficients at infinite dilution and physicochemical properties  for organic solutes and water in the ionic liquid 1-(2-methoxyethyl)-  1-methylpyrrolidinium trifluorotris(perfluoroethyl)phosphate'}"
81,"{'full': 'Marciniak, A.; Wlazlo, M. (2015) J. Chem. Thermodyn. 89, 245-250.', 'title': 'Activity coefficients at infinite dilution, physicochemical and thermodynamic properties for organic solutes and water in the ionic liquid ethyl-dimethyl-(2-methoxyethyl)ammonium trifluorotris-(perfluoroethyl)phosphate'}"
82,"{'full': 'Marcinkowski, L.; Kloskowski, A.; Namiesnik, J. (2014) J. Chem. Thermodyn. 71, 84-90.', 'title': 'Measurement of activity coefficients at infinite dilution of organic solutes in the ionic liquid 1-hexyl-1,4-diaza[2.2.2]bicyclooctanium bis(trifluoromethylsulfonyl)imide using gas-liquid chromatography'}"
83,"{'full': 'Marsh, K. N.; Brennecke, J. F.; Chirico, R. D.; Frenkel, M.; Heintz, A.; Magee, J. W.; Peters, C. J.; Rebelo, L. P. N.; Seddon, K. R. (2009) Pure Appl. Chem. 81(5), 781-790.', 'title': 'Thermodynamic and thermophysical properties of the reference ionic liquid: 1-Hexyl-3-methylimidazolium bis[(trifluoromethyl)sulfonyl]amide (including mixtures). Part 1. Experimental methods and results (IUPAC Technical Report)'}"
84,"{'full': 'Mutelet, F.; Alonso, D.; Ravula, S.; Baker, G. A.; Jiang, B.; Acree Jr., W. E. (2016) J. Mol. Liq. 222, 295-312.', 'title': 'Infinite dilution activity coefficients of solutes dissolved in anhydrous alkyl(dimethyl)isopropylammonium bis(trifluoromethylsulfonyl)imide ionic liquids containing functionalized- and nonfunctionalized-alkyl chains'}"
85,"{'full': 'Mutelet, Fabrice; Djebouri, Hamid; Baker, Gary A.; Ravula, Sudhir; Jiang, Bihan; Tong, Xin; Woods, Delani; Jr., William E. Acree (2017) J. Mol. Liq. 242, 550-559.', 'title': 'Study of benzyl- or cyclohexyl-functionalized ionic liquids using inverse gas chromatography'}"
86,"{'full': 'Mutelet, F.; Ravula, S.; Baker, G. A.; Woods, D.; Tong, X.; Acree, Jr., W. E. (2018) J. Solution Chem. 47(2), 308-335.', 'title': 'Infinite Dilution Activity Coefficients and Gas-to-Liquid Partition Coefficients of Organic Solutes Dissolved in 1-Benzylpyridinium Bis(Trifluoromethylsulfonyl)Imide and 1-Cyclohexylmethyl-1-Methylpyrrolidinium Bis(Trifluoromethylsulfonyl)Imide'}"
87,"{'full': 'Mutelet, F.; Hussard, C.; Baker, G. A.; Zhao, H.; Churchill, B.; Acree, Jr., W. E. (2020) J. Mol. Liq. 304, 112786.', 'title': 'Characterization of the solubilizing ability of short-chained glycol-grafted ammonium and phosphonium ionic liquids'}"
88,"{'full': 'Mutelet, F.; Baker, G. A.; Zhao, H.; Churchill, B.; Acree, Jr., W. E. (2020) J. Mol. Liq. 317, 113983.', 'title': 'Development of Abraham model correlations for short-chain glycol-grafted imidazolium and pyridinium ionic liquids from inverse gas-chromatographic measurements'}"
89,"{'full': 'Olivier, E.; Letcher, T. M.; Naidoo, P.; Ramjugernath, D. (2010) J. Chem. Thermodyn. 42(5), 646-650.', 'title': 'Activity coefficients at infinite dilution of organic solutes in the ionic liquid 1-octyl-3-methylimidazolium hexafluorophosphate using gas liquid chromatography at T = (313.15, 323.15, and 333.15) K'}"
90,"{'full': 'Paduszynski, K.; Domanska, U. (2011) J. Phys. Chem. 115, 8207-8215.', 'title': 'Limiting Activity Coefficients and Gas-Liquid Partition Coefficients of Various Solutes in Piperidinium Ionic Liquids: Measurements and LSER Calculations'}"
91,"{'full': 'Paduszynski, K.; Domanska, U. (2013) J. Chem. Thermodyn. 60, 169-178.', 'title': 'Experimental and theoretical study on infinite dilution activity  coefficients of various solutes in piperidinium ionic liquids'}"
92,"{'full': 'Paduszynski, K.; Krolikowska, M. (2017) J. Phys. Chem. B 121(43), 10133-10145.', 'title': 'Effect of Side Chain Functional Group on Interactions in Ionic Liquid Systems: Insights from Infinite Dilution Thermodynamic Data'}"
93,"{'full': 'Paduszynski, K.; Krolikowski, M. (2017) J. Mol. Liq. 243, 726-736.', 'title': ""An effect of cation's cyano group on interactions between organic solutes and ionic liquids elucidated by thermodynamic data at infinite dilution""}"
94,"{'full': 'Rabhi, F.; Mutelet, F.; Sifaoui, H.; Wagle, D. V.; Baker, G. A.; Churchill, B.; Acree, Jr., W. E. (2019) J. Mol. Liq. 283, 380-390.', 'title': 'Characterization of the solubilizing ability of tetraalkylammonium ionic liquids containing a pendant alkyl chain bearing a basic N,N-dimethylamino or N,N-dimethylaminoethoxy functionality'}"
95,"{'full': 'Rabhi, F.; Hussard, C.; Sifaoui, H.; Mutelet, F. (2019) J. Mol. Liq. 289, 111169.', 'title': 'Characterization of bis(fluorosulfonyl)imide based ionic liquids by gas chromatography'}"
96,"{'full': 'Reddy, P.; Gwala, N. V. V.; Deenadayalu, N.; Ramjugernath, D. (2011) J. Chem. Thermodyn. 43(5), 754-758.', 'title': 'Activity coefficients at infinite dilution of organic solutes in the ionic liquid, methyl(trioctyl)ammonium thiosalicylate, [N1888][TS] by gas liquid chromatography at T = (303.15, 313.15, and 323.15) K'}"
97,"{'full': 'Vilas-Boas, S. M.; Teixeira, G.; Rosini, S.; Martins, M. A.R.; Gaschi, P. S.; Coutinho, J. A.P.; Ferreira, O.; Pinho, S. P. (2021) J. Mol. Liq. 323, 114647.', 'title': 'Ionic liquids as entrainers for terpenes fractionation and other relevant separation problems'}"
98,"{'full': 'Vilas-Boas, S. M.; Martins, M. A. R.; Tentor, F. R.; Teixeira, G.; Sgorlon, J. G.; Coutinho, J. A. P.; Ferreira, O.; Pinho, S. P. (2022) Energy Fuels 36(15), 8552-8561.', 'title': 'Imidazolium Chloride Ionic Liquid Mixtures as Separating Agents: Fuel Processing and Azeotrope Breaking'}"
99,"{'full': 'Wlazlo, M.; Marciniak, A. (2012) J. Chem. Thermodyn. 54, 366-372.', 'title': 'Activity coefficients at infinite dilution and physicochemical properties for organic solutes and water in the ionic liquid 4-(2-methoxyethyl)-4-methylmorpholinium trifluorotris(perfluoroethyl)phosphate'}"
100,"{'full': 'Wlazlo, M.; Marciniak, A.; Letcher, T. M. (2015) J. Solution Chem. 44, 413-430.', 'title': 'Activity Coefficients at Infinite Dilution and Physicochemical Properties for Organic Solutes and Water in the Ionic Liquid 1-Ethyl-3-methylimidazolium trifluorotris(perfluoroethyl)phosphate'}"
101,"{'full': 'Wlazlo, M.; Gawkowska, J.; Domanska, U. (2016) Ind. Eng. Chem. Res. 55, 5054-5062.', 'title': 'Separation Based on Limiting Activity Coefficients of Various Solutes in 1-Allyl-3-methylimidazolium Dicyanamide Ionic Liquid'}"
102,"{'full': 'Wlazlo, M.; Karpinska, M.; Domanska, U. (2016) J. Chem. Thermodyn. 102, 39-47.', 'title': 'Thermodynamics and selectivity of separation based on activity coefficients at infinite dilution of various solutes in 1-allyl-3-methylimidazolium bis{(trifluoromethyl)sulfonyl}imide ionic liquid'}"
103,"{'full': 'Wlazlo, Michal; Zawadzki, Maciej; Domanska, Urszula (2018) J. Chem. Thermodyn. 116, 316-322.', 'title': 'Separation of water/butan-1-ol based on activity coefficients at infinite dilution in 1,3-didecyl-2-methylimidazolium dicyanamide ionic liquid'}"
104,"{'full': 'Yan, P.-F.; Yang, M.; Liu, X.-M.; Liu, Q.-S.; Tan, Z.-C.; Welz-Biermann, U. (2010) J. Chem. Eng. Data 55(7), 2444-2450.', 'title': 'Activity Coefficients at Infinite Dilution of Organic Solutes in 1-Ethyl-3-methylimidazolium Tris(pentafluoroethyl)trifluorophosphate [EMIM][FAP] Using Gas-Liquid Chromatography'}"
105,"{'full': 'Yan, P.-F.; Liu, Q.-S.; Yang, M.; Liu, X.-M.; Tan, Z.-C.; Welz-Biermann, U. (2010) J. Chem. Thermodyn. 42(12), 1415-1422.', 'title': 'Activity coefficients at infinite dilution of organic solutes in N-alkylpyridinium bis(trifluoromethylsulfonyl)imide ([CnPY][NTf2], n = 2, 4, 5) using gas liquid chromatography'}"
106,"{'full': 'Yoo, B.; Afzal, A.; Prausnitz, J. M. (2013) J. Chem. Thermodyn. 57, 178-181.', 'title': 'Henry s constants and activity coefficients of some organic solutes  in 1-butyl,3-methylimidazolium hydrogen sulfate and in 1-methyl,3-trimethylsilylmethylimidazolium chloride'}"
107,"{'full': 'Zhang, Cheng (2018) J. Chem. Eng. Data 63(6), 2056-2064.', 'title': 'Determination of Activity Coefficients at Infinite Dilution of Organic Solutes in the Ionic Liquid 1-(2-Hydroxyethyl)-3-methylimidazolium Nonafluoro-1-butanesulfonate Using Gas-Liquid Chromatography'}"
108,"{'full': 'Zhang, Miao; He, Zhuang-Zhuang; Kang, Rong-Xue; Ge, Ming-Lan (2019) J. Chem. Thermodyn. 128, 187-194.', 'title': 'Thermodynamics and activity coefficients at infinite dilution for organic compounds in the ionic liquid 1-hexyl-3-methylimidazolium chloride'}"
109,"{'full': 'Zhang, Cheng; Triger, David; Ramer, Nicholas J. (2020) J. Chem. Thermodyn. 140, 105867.', 'title': 'Activity coefficients at infinite dilution for various organic solutes in the ionic liquid 1-(2-hydroxyethyl)-3-methylimidazolium hexafluorophosphate'}"
110,"{'full': 'Zhang, Tian; Bao, Yi-Nan; Zhang, Liu; Ren, Rui-Zhen; Jiao, Yu-Hai; Ge, Ming-Lan (2020) J. Chem. Thermodyn. 147, 106120.', 'title': 'Thermodynamics and selectivity of separation based on activity coefficients at infinite dilution of various solutes in ionic liquid [DMIM][Tf2N]'}"
111,"{'full': 'Zhang, Liu; Zhang, Tian; Wang, Yu-Xiao; Jiang, Bo; Wu, Yu-Tong; Wang, Zhi-Xiang; Ge, Ming-Lan; Long-Huang; Jiao, Yu-Hai (2023) J. Solution Chem. 52(2), 147-165.', 'title': 'Thermodynamics and Activity Coefficients at Infinite Dilution for Organic Solutes in Trialkyl-Substituted Imidazolium-Based Ionic Liquid 1-Propyl-2,3-dimethylimidazolium Thiocyanate'}"
112,"{'full': 'Allal, F.; Mutelet, F.; Dahmani, A.; Saidat, B. (2016) J. Mol. Liq. 220, 243-247.', 'title': 'Measurements of activity coefficients at infinite dilution of organic solutes in the ionic liquid 1-ethyl-3-methylimidazolium ethylphosphonate [EMIM][(EtO)(H)PO2] using gas-liquid chromatography'}"
113,"{'full': 'Ayad, A.; Mutelet, F.; Negadi, A.; Acree, Jr., W. E.; Jiang, B.; Lu, A.; Wagle, D. V.; Baker, G. A. (2016) J. Mol. Liq. 215, 176-184.', 'title': 'Activity coefficients at infinite dilution for organic solutes dissolved in two 1-alkylquinuclidinium bis(trifluoromethylsulfonyl)imides bearing alkyl side chains of six and eight carbons'}"
114,"{'full': 'Bahadur, I.; Pal, A.; Gmehling, J.; Hector, T.; Tumba, K.; Singh, S.; Ebenso, E. E. (2015) J. Chem. Thermodyn. 90, 92-99.', 'title': '(Vapour + liquid) equilibria, (VLE) excess molar enthalpies and infinite dilution activity coefficients of selected binary systems involving n-hexyl pyridinium bis(trifluoromethylsulphonyl)imide ionic liquid: Experimental and predictions using modified UNIFAC (Dortmund)'}"
115,"{'full': 'Bahlmann, M.; Nebig, S.; Gmehling, J. (2009) Fluid Phase Equilib. 282(2), 113-116.', 'title': 'Activity coefficients at infinite dilution of alkanes and alkenes in 1-alkyl-3-methylimidazolium tetrafluoroborate'}"
116,"{'full': 'Blahut, A.; Dohnal, V. (2011) J. Chem. Eng. Data 56(12), 4909-4918.', 'title': 'Interactions of Volatile Organic Compounds with the Ionic Liquid 1-Butyl-1-methylpyrrolidinium Dicyanamide'}"
117,"{'full': 'Blahut, A.; Dohnal, V. (2013) J. Chem. Thermodyn. 57, 344-354.', 'title': 'Interactions of volatile organic compounds with the ionic liquids  1-butyl-1-methylpyrrolidinium tetracyanoborate and  1-butyl-1-methylpyrrolidinium bis(oxalato)borate'}"
118,"{'full': 'Blahut, A.; Sobota, M.; Dohnal, V.; Vrbka, P. (2010) Fluid Phase Equilib. 299(2), 198-206.', 'title': 'Activity coefficients at infinite dilution of organic solutes in the ionic liquid 1-ethyl-3-methylimidazolium methanesulfonate'}"
119,"{'full': 'Blahut, A.; Dohnal, V.; Vrbka, P. (2012) J. Chem. Thermodyn. 47, 100-108.', 'title': 'Interactions of volatile organic compounds with the ionic liquid 1-ethyl-3-methylimidazolium tetracyanoborate'}"
120,"{'full': 'Chen, Jin-Yuan; Kang, Rong-Xue; He, Zhuang-Zhuang; Zhang, Miao; Ge, Ming-Lan (2018) J. Chem. Thermodyn. 119, 26-33.', 'title': 'Separation of binary mixtures based on gamma infinity data using [OMMIM][NTf2] ionic liquid and modelling of thermodynamic functions'}"
121,"{'full': 'Deenadayalu, N.; Letcher, T. M.; Reddy, P. (2005) J. Chem. Eng. Data 50(1), 105-108.', 'title': 'Determination of Activity Coefficients at Infinite Dilution of Polar and Nonpolar Solutes in the Ionic Liquid 1-Ethyl-3-methyl- imidazolium Bis(trifluoromethylsulfonyl) Imidate Using Gas-Liquid Chromatography at the Temperature 303.15 K or 318.15 K'}"
122,"{'full': 'Domanska, U.; Krolikowska, M. (2011) J. Chem. Eng. Data 56(1), 124-129.', 'title': 'Measurements of Activity Coefficients at Infinite  Dilution for Organic Solutes and Water in the Ionic  Liquid 1-Butyl-1-methylpiperydinium Thiocyanate'}"
123,"{'full': 'Domanska, U.; Zawadzki, M.; Krolikowska, M.; Tshibangu, M. M.; Ramjugernath, D.; Letcher, T. M. (2011) J. Chem. Thermodyn. 43(3), 499-504.', 'title': 'Measurements of activity coefficients at infinite dilution of organic compounds and water in isoquinolinium-based ionic liquid [C8iQuin][NTf2] using GLC'}"
124,"{'full': 'Domanska, U.; Krolikowski, M.; Acree, Jr., W. E.; Baker, G. A. (2013) J. Chem. Thermodyn. 58, 62-69.', 'title': 'Physicochemical properties and activity coefficients at infinite dilution  for organic solutes and water in a novel bicyclic guanidinium superbase-derived  protic ionic liquid'}"
125,"{'full': 'Durski, Marcin; Naidoo, Prathieka; Ramjugernath, Deresh; Domanska, Urszula (2018) Fluid Phase Equilib. 473, 175-182.', 'title': 'Thermodynamics and activity coefficients at infinite dilution for organic solutes in the ionic liquid 1-butyl-1-methylpyrrolidinium dicyanamide'}"
126,"{'full': 'Ge, M.-L.; Chen, J.-B. (2011) J. Chem. Eng. Data 56(7), 3183-3187.', 'title': 'Activity Coefficients at Infinite Dilution of Alkanes, Alkenes, and Alkyl Benzenes in 1-Ethyl-3-methylimidazolium Diethylphosphate Using Gas Liquid Chromatography'}"
127,"{'full': 'Ge, M.-L.; Zhang, Q.; Li, S.-N.; Li, Y.-J.; Zhang, X.-Z.; Mu, Z. (2016) J. Chem. Thermodyn. 102, 303-309.', 'title': 'Thermodynamics and activity coefficients at infinite dilution for organic solutes in the ionic liquid 1-hexyl-2,3-dimethylimidazolium bis(trifluoromethylsulfonyl)imide'}"
128,"{'full': 'He, Zhuang-Zhuang; Zhai, Jia-Yu; Mu, Han; Zhang, Miao; Yu, Ying; Zheng, Jia-Li; Jiao, Yu-Hai; Ge, Ming-Lan; Wu, Rui-Xiang (2018) J. Chem. Thermodyn. 125, 142-148.', 'title': 'Thermodynamics and selectivity of separation based on activity coefficients at infinite dilution of various solutes in ionic liquid [HMMIM][BF4]'}"
129,"{'full': 'He, Zhuang-Zhuang; Miao-Zhang; Ge, Ming-Lan; Jiao, Yu-Hai; Zhao-Mu; Yi, Yu-Feng; Ding, Fu-Chen (2019) J. Chem. Thermodyn. 129, 22-29.', 'title': 'Separation of binary mixtures based on gamma infinity data using [OMMIM][BF4] ionic liquid and modelling of thermodynamic functions'}"
130,"{'full': 'Kato, R.; Gmehling, J. (2004) Fluid Phase Equilib. 226, 37-44.', 'title': 'Activity coefficients at infinite dilution of various solutes in the ionic liquids [MMIM]+[CH3SO4]-, [MMIM]+[CH3OC2H4SO4]-, [MMIM]+[(CH3)2PO4]-, [C5H5NC2H5]+[(CF3SO2)2N]- and [C5H5NH]+[C2H5OC2H4OSO3]-'}"
131,"{'full': 'Khachatrian, A. A.; Shamsutdinova, Z. I.; Rakipov, I. T.; Varfolomeev, M. A.; Solomonov, B. N.; Verevkin, S. P. (2018) J. Mol. Liq. 271, 815-819.', 'title': 'Hydrogen bonding of molecular solutes in protic and aprotic ionic liquids'}"
132,"{'full': 'Krolikowska, M.; Orawiec, M. (2016) J. Chem. Eng. Data 61(5), 1793-1802.', 'title': 'Activity Coefficients at Infinite Dilution of Organic Solutes and Water in Tributylethylphosphonium Diethylphosphate Using Gas Liquid Chromatography: Thermodynamic Properties of Mixtures Containing Ionic Liquids'}"
133,"{'full': 'Krolikowski, M.; Krolikowska, M.; Wisniewski, C. (2016) J. Chem. Thermodyn. 103, 115-124.', 'title': 'Separation of aliphatic from aromatic hydrocarbons and sulphur compounds from fuel based on measurements of activity coefficients at infinite dilution for organic solutes and water in the ionic liquid N,N-diethyl-N-methyl-N-(2-methoxy-ethyl)ammonium bis(trifluoromethylsulfonyl)imide'}"
134,"{'full': 'Krolikowski, Marek; Krolikowska, Marta; Markowski, Cezary (2021) J. Chem. Thermodyn. 161, 106554.', 'title': 'The investigation of the infinite dilution activity coefficients for molecular compounds in 1-(3-hydroxypropyl)-3-methyl-imidazolium thiocyanate'}"
135,"{'full': 'Krummen, M.; Wasserscheid, P.; Gmehling, J. (2002) J. Chem. Eng. Data 47(6), 1411-1417.', 'title': 'Measurement of Activity Coefficients at Infinite Dilution in Ionic Liquids Using the Dilutor Technique'}"
136,"{'full': 'Li, J.; Wang, Q.; Tian, L.; Li, Z.; Li, Y.; Hu, Y.; Liu, B. (2022) J. Mol. Liq. 365, 120183.', 'title': 'N-octylpyridinium bromide applied to purification of benzene by extractive distillation: Thermodynamic properties for intuitive evaluation of entrainer'}"
137,"{'full': 'Li, Jing; Wang, Qiang; Tian, Luoyang; Li, Zhansheng; Li, Yanrui; Hu, Yanbiao; Wang, Bo (2022) Fluid Phase Equilib. 557, 113436.', 'title': 'Application potential of N-hexylpyridinium bromide for separation azeotrope: Thermodynamic properties measurements'}"
138,"{'full': 'Nann, A.; Mundges, J.; Held, C.; Verevkin, S. P.; Sadowski, G. (2013) J. Phys. Chem. B 117, 3173-3185.', 'title': 'Molecular Interactions in 1-Butanol + IL Solutions by Measuring and Modeling Activity Coefficients'}"
139,"{'full': 'Nebig, S.; Liebert, V.; Gmehling, J. (2009) Fluid Phase Equilib. 277(1), 61-67.', 'title': 'Measurement and prediction of activity coefficients at infinite dilution (   ),  vapor.liquid equilibria (VLE) and excess enthalpies (HE) of binary systems  with 1,1-dialkyl-pyrrolidinium bis(trifluoromethylsulfonyl)imide using mod.  UNIFAC (Dortmund)'}"
140,"{'full': 'Orfao, E. F.; Dohnal, V.; Blahut, A. (2013) J. Chem. Thermodyn. 65, 53-64.', 'title': 'Infinite dilution activity coefficients of volatile organic compounds  in two ionic liquids composed of the tris(pentafluoroethyl)  trifluorophosphate ([FAP]) anion and a functionalized cation'}"
141,"{'full': 'Qiang Wang, P.; Li, C.; Ban, T. (2020) Int. J. Thermophys. 41(9), 122.', 'title': 'Activity Coefficient at Infinite Dilution Study of Molecular Interaction-Selectivity in Separation Processes'}"
142,"{'full': 'Shida, Tomoka; Hiraga, Yuya; Sugiyama, Takuya; Sato, Yoshiyuki; Watanabe, Masaru; Jr., Richard L. Smith (2019) Fluid Phase Equilib. 488, 72-78.', 'title': 'Measurement and modeling of infinite dilution activity coefficients of organic compounds in an equimolar ionic liquid mixture of [Bmim]Cl and [Bmim][Tf2N]'}"
143,"{'full': 'Shimoyama, Y.; Ikeda, K.; Iwai, Y. (2010) Fluid Phase Equilib. 294(1-2), 241-245.', 'title': 'Effect of anion species on infinite dilution activity coefficients of epoxides in imidazolium-based ionic liquids'}"
144,"{'full': 'Singh, S.; Bahadur, I.; Naidoo, P.; Redhi, G.; Ramjugernath, D. (2016) J. Mol. Liq. 220, 33-40.', 'title': 'Application of 1-butyl-3-methylimidazolium bis(trifluoromethylsulfonyl) imide ionic liquid for the different types of separations problem: Activity coefficients at infinite dilution measurements using gas-liquid chromatography technique'}"
145,"{'full': 'Wang, Zhi-Xiang; Ge, Wei-Han; Li, Wen-Hao; Hao, Zi-Zhong; Zhang, Liu; Ji, De-Kun; Yi, Yu-Feng; Huang, Long; Ge, Ming-Lan (2023) J. Chem. Eng. Data 68(7), 1599-1609.', 'title': 'Infinite Dilution Activity Coefficients and Gas-Liquid Partition Coefficients of Organic Compounds in Ionic Liquid 1-Butyl-2,3-dimethylimidazolium Thiocyanate: Measurements and LFER Calculations'}"
146,"{'full': 'Yan, P.-F.; Yang, M.; Liu, X.-M.; Wang, C.; Tan, Z.-C.; Welz-Biermann, U. (2010) J. Chem. Thermodyn. 42(6), 817-822.', 'title': 'Activity coefficients at infinite dilution of organic solutes in the ionic liquid 1-ethyl-3-methylimidazolium tetracyanoborate [EMIM][TCB] using gas liquid chromatography'}"
147,"{'full': 'Yan, P.-F.; Yang, M.; Li, C.-P.; Liu, X.-M.; Tan, Z.-C.; Welz-Biermann, U. (2010) Fluid Phase Equilib. 298(2), 287-292.', 'title': 'Gas-liquid chromatography measurements of activity coefficients at infinite dilution of hydrocarbons and alkanols in 1-alkyl-3-methylimidazolium bis(oxalato)borate'}"
148,"{'full': 'Zhang, Miao; Ge, Ming-Lan; Jiao, Yu-Hai; Mu, Zhao; Huang, Rui; He, Zhuang-Zhuang (2019) J. Chem. Thermodyn. 129, 92-98.', 'title': 'Determination of the thermodynamic parameters of ionic liquid 1-propyl-3-methylimidazolium bromide by gas-liquid chromatography'}"
149,"{'full': 'Zhou, Q.; Wang, L. -S. (2006) J. Chem. Eng. Data 51(5), 1698-1701.', 'title': 'Activity Coefficients at Infinite Dilution of Alkanes, Alkenes, and Alkyl Benzenes in 1-Butyl-3-methylimidazolium Tetrafluoroborate Using Gas-Liquid Chromatography'}"
150,"{'full': 'Zhou, Q.; Wang, L. -S.; Wu, J.-S.; Li, M.-Y. (2007) J. Chem. Eng. Data 52(1), 131-134.', 'title': 'Activity Coefficients at Infinite Dilution of Polar Solutes in 1-Butyl-3-methylimidazolium Tetrafluoroborate Using Gas-Liquid Chromatography'}"
151,"{'full': 'Ayad, A.; Mutelet, F.; Abumandour, E.-S.; Negadi, A. (2015) J. Chem. Thermodyn. 86, 116-122.', 'title': 'Activity coefficients at infinite dilution of organic solutes in methylphosphonate based ionic liquids using gas-liquid chromatography'}"
152,"{'full': 'Bahadur, I.; Govender, B. B.; Osman, K.; Williams-Wynn, M. D.; Nelson, W. M.; Naidoo, P.; Ramjugernath, D. (2014) J. Chem. Thermodyn. 70, 245-252.', 'title': 'Measurement of activity coefficients at infinite dilution of organic solutes in the ionic liquid 1-ethyl-3-methylimidazolium 2-(2-methoxyethoxy) ethylsulfate at T = (308.15, 313.15, 323.15 and 333.15) K using gas + liquid chromatography'}"
153,"{'full': 'Bahadur, I.; Naidoo, M.; Naidoo, P.; Ramdath, S.; Ramjugernath, D.; Ebenso, E. E. (2016) J. Chem. Thermodyn. 92, 35-42.', 'title': 'Screening of environmental friendly ionic liquid as a solvent for the different types of separations problem: Insight from activity coefficients at infinite dilution measurement using (gas + liquid) chromatography technique'}"
154,"{'full': 'Cehreli, S.; Gmehling, J. (2010) Fluid Phase Equilib. 295(1), 125-129.', 'title': 'Phase equilibria for benzene-cyclohexene and activity coefficients at infinite dilution for the ternary systems with ionic liquids'}"
155,"{'full': 'Chen, Yali; Wang, Qiang; Zhang, Zhengfang; Tang, Jun (2012) Ind. Eng. Chem. Res. 51(46), 15293-15298.', 'title': 'Determination of the Solubility Parameter of Ionic Liquid 1-Hexyl-3-methylimidazolium Hexafluorophosphate by Inverse Gas Chromatography'}"
156,"{'full': 'Deng, L.; Wang, Q.; Chen, Y.; Zhang, Z.; Tang, J. (2013) J. Mol. Liq. 187, 246-251.', 'title': 'Determination of the solubility parameter of ionic liquid 1-octyl-3-methylimidazolium hexafluorophosphate by inverse gas chromatography'}"
157,"{'full': 'Domanska, U.; Krolikowski, M. (2010) J. Chem. Eng. Data 55(11), 4817-4822.', 'title': 'Determination of Activity Coefficients at Infinite Dilution of 35 Solutes in the Ionic Liquid, 1-Butyl-3-methylimidazolium Tosylate, Using Gas-Liquid Chromatography'}"
158,"{'full': 'Domanska, U.; Zawadzki, M.; Paduszynski, K.; Krolikowski, M. (2012) J. Phys. Chem. B 116, 8191-8200.', 'title': 'Perturbed-Chain SAFT as a Versatile Tool for Thermodynamic Modeling of Binary Mixtures Containing Isoquinolinium Ionic Liquids'}"
159,"{'full': 'Elias, A. M.; Coelho, G. L. V. (2016) J. Chem. Eng. Data 61(5), 1743-1748.', 'title': 'Measurements of Infinite Dilution Activity Coefficients of Alkanols in the Ionic Liquid Tributylmethylammonium Methyl Sulfate Using HS-SPME/GC/FID'}"
160,"{'full': 'Heintz, A.; Kulikov, D. V.; Verevkin, S. P. (2001) J. Chem. Eng. Data 46(6), 1526-1529.', 'title': 'Thermodynamic Properties of Mixtures Containing Ionic Liquids. Activity Coefficients at Infinite Dilution of Alkanes, Alkenes, and Alkylbenzenes in 4-Methyl-n-butylpyridinium Tetrafluoroborate Using Gas-Liquid Chromatography'}"
161,"{'full': 'Heintz, A.; Kulikov, D. V.; Verevkin, S. P. (2002) J. Chem. Thermodyn. 34(8), 1341-1347.', 'title': 'Thermodynamic properties of mixtures containing ionic liquids. Activity coefficients at infinite dilution of polar solutes in 4-methyl-N-butyl-pyridinium tetrafluoroborate using gas liquid chromatography'}"
162,"{'full': 'Heintz, A.; Kulikov, D. V.; Verevkin, S. P. (2002) J. Chem. Eng. Data 47(4), 894-899.', 'title': 'Thermodynamic Properties of Mixtures Containing Ionic Liquids. 2. Activity Coefficients at Infinite Dilution of Hydrocarbons and Polar Solutes in 1-Methyl-3-ethyl-imidazolium Bis(trifluoromethyl-sulfonyl) Amide and in 1,2-Dimethyl-3-ethyl-imidazolium Bis(trifluoromethyl-sulfonyl) Amide Using Gas-Liquid Chromatography'}"
163,"{'full': 'Hu, Y.; Wang, Q.; Yalikun, N.; Liu, S.; Li, J.; Liu, B. (2021) J. Solution Chem. 50(11-12), 1285-1299.', 'title': 'Solubility Parameters Measurements of 1-Propyl-3-Methyl-Imidazolium-Based Ionic Liquids via Inverse Gas Chromatography and Hansen Solubility Parameter in Practice'}"
164,"{'full': 'Kabane, Bakusele; Redhi, Gan G. (2019) Fluid Phase Equilib. 493, 181-187.', 'title': 'Application of trihexyltetradecylphosphonium dicyanamide ionic liquid for various types of separations problems: Activity coefficients at infinite dilution measurements utilizing GLC method'}"
165,"{'full': 'Kabane, Bakusele; Redhi, Gan G. (2020) S. Afr. J. Chem. Eng. 32, 32-38.', 'title': 'Evaluation of an imidazolium-based ionic liquid as a separation solvent for binary mixtures based on limiting activity coefficient data'}"
166,"{'full': 'Kabane, Bakusele; Chokkareddy, Rajasekhar; Redhi, Gan.G. (2019) J. Chem. Thermodyn. 137, 7-12.', 'title': 'Separation of (water/butan-1-ol) binary systems based on activity coefficients at infinite dilution with phosphonium ionic liquid'}"
167,"{'full': 'Kato, R.; Gmehling, J. (2005) J. Chem. Thermodyn. 37(6), 603-619.', 'title': 'Systems with ionic liquids: Measurement of VLE and c1 data and prediction of their thermodynamic behavior using original UNIFAC, mod. UNIFAC(Do) and COSMO-RS(Ol)'}"
168,"{'full': 'Krolikowski, Marek; Krolikowska, Marta; Wieckowski, Mikolaj; Pilowski, Adam (2020) J. Chem. Thermodyn. 147, 106117.', 'title': 'The influence of the ionic liquids functionalization on interaction in binary systems with organic solutes and water - Thermodynamic data of activity coefficients at infinite dilution'}"
169,"{'full': 'Letcher, T. M.; Ramjugernath, D.; Laskowska, M.; Krolikowski, M.; Naidoo, P. (2008) J. Chem. Thermodyn. 40(8), 1243-1247.', 'title': 'Activity coefficients at infinite dilution measurements for organic solutes in the ionic liquid trihexyltetradecylphosphonium-bis-(2,4,4-trimethylpentyl)- phosphinate using g.l.c. at T = (303.15, 308.15, 313.15, and 318.15) K'}"
170,"{'full': 'Letcher, T. M.; Ramjugernath, D.; Laskowska, M.; Krolikowski, M.; Naidoo, P.; Domanska, U. (2008) J. Chem. Eng. Data 53(9), 2044-2049.', 'title': 'Determination of Activity Coefficients at Infinite Dilution of Solutes in the Ionic Liquid, Trihexyltetradecylphosphonium Bis(trifluoromethylsulfonyl) Imide, Using Gas-Liquid Chromatography at T ) (303.15, 308.15, 313.15, and 318.15) K'}"
171,"{'full': 'Letcher, T. M.; Ramjugernath, D.; Krolikowski, M.; Laskowska, M.; Naidoo, P.; Domanska, U. (2009) Fluid Phase Equilib. 276(1), 31-36.', 'title': 'Activity coefficients at infinite dilution measurements for organic solutes  in the ionic liquid N-butyl-4-methylpyridinium tosylate using  GLC at T = (328.15, 333.15, 338.15, and 343.15)K'}"
172,"{'full': 'Li, Y.; Wang, Q.; Li, X.; Li, Z.; Li, J.; Hu, Y.; Wang, B. (2022) J. Mol. Liq. 350, 118434.', 'title': 'Thermodynamic properties of N-octyl pyridinium hexafluorophosphate ionic liquid: Characterization and application in separation of the azeotrope'}"
173,"{'full': 'Liebert, V.; Nebig, S.; Gmehling, J. (2008) Fluid Phase Equilib. 268(1-2), 14-20.', 'title': 'Experimental and predicted phase equilibria and excess properties  for systems with ionic liquids'}"
174,"{'full': 'Martins, M. A. R.; Coutinho, J. A. P.; Pinho, S. P.; Domanska, U. (2015) J. Chem. Thermodyn. 91, 194-203.', 'title': 'Measurements of activity coefficients at infinite dilution of organic solutes and water on polar imidazolium-based ionic liquids'}"
175,"{'full': 'Martins, M. A. R.; Vilas-Boas, S. M.; Cordova, I. W.; Carvalho, P. J.; Domanska, U.; Ferreira, O.; Coutinho, J. A. P.; Pinho, S. P. (2021) J. Chem. Eng. Data 66(6), 2587-2596.', 'title': 'Infinite Dilution Activity Coefficients in the Smectic and Isotropic Phases of Tetrafluoroborate-Based Ionic Liquids'}"
176,"{'full': 'Nebig, S.; Gmehling, J. (2010) Fluid Phase Equilib. 294(1-2), 206-212.', 'title': 'Measurements of different thermodynamic properties of systems containing ionic liquids and correlation of these properties using modified UNIFAC (Dortmund)'}"
177,"{'full': 'Reddy, P.; Siddiqi, M. A.; Atakan, B.; Diedenhofen, M.; Ramjugernath, D. (2013) J. Chem. Thermodyn. 58, 322-329.', 'title': 'Activity coefficients at infinite dilution of organic solutes in the ionic liquid PEG-5 cocomonium methylsulfate at T = (313.15, 323.15, 333.15, and 343.15) K: Experimental results and COSMO-RS predictions'}"
178,"{'full': 'Ren, Rui-Zhen; Gong, Liang-Fa; Hao, Zi-Zhong; Peng, Xiao-Ming; Guo, Zhen-Yu; Chen, Yu; Wang, Xin-Cheng; Ge, Ming-Lan (2023) Fluid Phase Equilib. 574, 113908.', 'title': 'Thermodynamics and activity coefficients at infinite dilution for organic compounds in ionic liquid 1-ethyl-2,3-dimethylimidazolium thiocyanate'}"
179,"{'full': 'Revelli, A.-L.; Mutelet, F.; Turmine, M.; Solimando, R.; Jaubert, J.-N. (2009) J. Chem. Eng. Data 54(1), 90-101.', 'title': 'Activity Coefficients at Infinite Dilution of Organic Compounds in 1-Butyl-3-methylimidazolium Tetrafluoroborate Using Inverse Gas Chromatography'}"
180,"{'full': 'Tian, Luoyang; Chen, Yali; Wang, Qiang (2014) Yingyong Huaxue 34(7), 824.', 'title': 'Determination of the Thermodynamic Parameters of Organic Solvents in Ionic Liquid 1-butyl-3-methylimidazolium Hexafluorophosphate by Inverse Gas Chromatography'}"
181,"{'full': 'Tumba, K.; Letcher, T. M.; Naidoo, P.; Ramjugernath, D. (2013) J. Chem. Thermodyn. 65, 159-167.', 'title': 'Activity coefficients at infinite dilution of organic solutes in the ionic liquid trihexyltetradecylphosphonium bis(trifluoromethylsulfonyl)imide using gas-liquid chromatography at T = (313.15, 333.15, 353.15 and 373.15) K'}"
182,"{'full': ""Vasil'tsova, T. V.; Heintz, A.; Kulikov, D.; Verevkin, S. P. (2003) Kholod. Tekh. Tekhnol. 84(4), 49."", 'title': 'Gas chromatography as a method of determination of thermodynamic properties with ionic liquids'}"
183,"{'full': 'Wang, Wenna; Wang, Qiang; Tang, Jun; Wang, Qiang; Wang, Bin (2020) J. Chem. Thermodyn. 150, 106236.', 'title': 'Characterization of the thermodynamic properties of ionic liquid 1-allyl-3-vinylimidazolium bis((trifluorompropyl)sulfonyl)imide by inverse gas chromatography'}"
184,"{'full': 'Ziemblinska-Bernart, Justyna; Bielecki, Patryk; Wasiak, Wieslaw (2019) Fluid Phase Equilib. 482, 99-107.', 'title': 'Measurements of activity coefficients at infinite dilution for organic solutes in two quaternary ammonium-based ionic liquids [DDA][ClO4] and [DDA][BF4]'}"
185,"{'full': 'Acree, Jr., W. E.; Baker, G.; Mutelet, F.; Moise, J.-C. (2011) J. Chem. Eng. Data 56(9), 3688-3697.', 'title': 'Partition Coefficients of Organic Compounds in Four New Tetraalkylammonium Bis(trifluoromethylsulfonyl)imide Ionic Liquids Using Inverse Gas Chromatography'}"
186,"{'full': 'Acree, Jr., W. E.; Baker, G. A.; Revelli, A.-L.; Moise, J.-C.; Mutelet, F. (2012) J. Chem. Eng. Data 57(12), 3510-3518.', 'title': 'Activity Coefficients at Infinite Dilution for Organic Compounds Dissolved in 1-Alkyl-1-methylpyrrolidinium Bis(trifluoromethylsulfonyl)imide Ionic Liquids Having Six-, Eight-, and Ten-Carbon Alkyl Chains'}"
187,"{'full': 'Banerjee, T.; Khanna, A. (2006) J. Chem. Eng. Data 51(6), 2170-2177.', 'title': 'Infinite Dilution Activity Coefficients for Trihexyltetradecyl Phosphonium Ionic Liquids: Measurements and COSMO-RS Prediction'}"
188,"{'full': 'Bensaid, Z.; Mutelet, F.; Bouroukba, M.; Negadi, A. (2014) Fluid Phase Equilib. 378, 34-43.', 'title': 'Experimental and theoretical study of interaction between organic compounds and 1- (4-sulfobutyl)-3-methylimidazolium based ionic liquids'}"
189,"{'full': 'David, W.; Letcher, T. M.; Ramjugernath, D.; Raal, J. D. (2003) J. Chem. Thermodyn. 35(8), 1335-1341.', 'title': 'Activity coefficients of hydrocarbon solutes at infinite dilution in the ionic liquid, 1-methyl-3-octyl-imidazolium chloride from gas-liquid chromatography'}"
190,"{'full': 'Foco, G. M.; Bottini, S. B.; Quezada, N.; de la Fuente, J. C.; Peters, C. J. (2006) J. Chem. Eng. Data 51(3), 1088-1091.', 'title': 'Activity Coefficients at Infinite Dilution in 1-Alkyl-3-methylimidazolium Tetrafluoroborate Ionic Liquids'}"
191,"{'full': 'Letcher, T. M.; Reddy, P. (2005) Fluid Phase Equilib. 235(1), 11-17.', 'title': 'Determination of activity coefficients at infinite dilution of organic solutes in the ionic liquid, trihexyl(tetradecyl)-phosphonium tris(pentafluoroethyl) trifluorophosphate, by gas liquid chromatography'}"
192,"{'full': 'Letcher, T. M.; Reddy, P. (2007) Fluid Phase Equilib. 260(1), 23-28.', 'title': 'Determination of activity coefficients at infinite dilution of organic solutes in the ionic liquid, tributylmethylphosphonium methylsulphate by gas liquid chromatography'}"
193,"{'full': 'Letcher, T. M.; Soko, B.; Ramjugernath, D.; Deenadayalu, N.; Nevines, A.; Naicker, P. K. (2003) J. Chem. Eng. Data 48(3), 708-711.', 'title': 'Activity Coefficients at Infinite Dilution of Organic Solutes in 1-Hexyl-3-methylimidazolium Hexafluorophosphate from Gas-Liquid Chromatography'}"
194,"{'full': 'Letcher, T. M.; Marciniak, A.; Marciniak, M.; Domanska, U. (2005) J. Chem. Eng. Data 50(4), 1294-1298.', 'title': 'Determination of Activity Coefficients at Infinite Dilution of Solutes in the Ionic Liquid 1-Butyl-3-methylimidazolium Octyl Sulfate Using Gas-Liquid Chromatography at a Temperature of 298.15 K, 313.15 K, or 328.15 K'}"
195,"{'full': 'Letcher, T. M.; Domanska, U.; Marciniak, M.; Marciniak, A. (2005) J. Chem. Thermodyn. 37(6), 587-593.', 'title': 'Activity coefficients at infinite dilution measurements for organic solutes in the ionic liquid 1-butyl-3-methyl-imidazolium 2-(2-methoxyethoxy) ethyl sulfate using g.l.c. at T = (298.15, 303.15, and 308.15) K'}"
196,"{'full': 'Letcher, T. M.; Marcininiak, A.; Marciniak, M.; Domanska, U. (2005) J. Chem. Thermodyn. 37(12), 1327-1331.', 'title': 'Activity coefficients at infinite dilution measurements for organic solutes in the ionic liquid hexyl-3-methyl-imidazolium bis(trifluoromethylsulfonyl)-imide using g.l.c. at T = (298.15, 313.15, and 333.15) K'}"
197,"{'full': 'Moise, J.-C.; Mutelet, F.; Jaubert, J.-N.; Grubbs, L. M.; Acree, Jr., W. E.; Baker, G. A. (2011) J. Chem. Eng. Data 56(7), 3106-3114.', 'title': 'Activity Coefficients at Infinite Dilution of Organic Compounds in Four New Imidazolium-Based Ionic Liquids'}"
198,"{'full': 'Mutelet, F.; Jaubert, J.-N. (2006) J. Chromatogr. 1102, 256-267.', 'title': 'Accurate measurements of thermodynamic properties of solutes in ionic liquids using inverse gas chromatography'}"
199,"{'full': 'Mutelet, F.; Jaubert, J.-N. (2007) J. Chem. Thermodyn. 39(8), 1144-1150.', 'title': 'Measurement of activity coefficients at infinite dilution in 1-hexadecyl-3-methylimidazolium tetrafluoroborate ionic liquid'}"
200,"{'full': 'Mutelet, F.; Butet, V.; Jaubert, J.-N. (2005) Ind. Eng. Chem. Res. 44, 4120--4127.', 'title': 'Application of Inverse Gas Chromatography and Regular Solution  Theory for Characterization of Ionic Liquids'}"
201,"{'full': 'Mutelet, F.; Revelli, A.-L.; Jaubert, J.-N.; Sprunger, L. M.; Acree, Jr., W. E.; Baker, G. A. (2010) J. Chem. Eng. Data 55(1), 234-242.', 'title': 'Partition Coefficients of Organic Compounds in New Imidazolium and Tetralkylammonium Based Ionic Liquids Using Inverse Gas Chromatography'}"
202,"{'full': 'Mutelet, F.; Hassan, E.-S. R. E.; Stephens, T. W.; Acree, Jr., W. E.; Baker, G. A. (2013) J. Chem. Eng. Data 58(8), 2210-2218.', 'title': 'Activity Coefficients at Infinite Dilution for Organic Solutes Dissolved in Three 1-Alkyl-1-methylpyrrolidinium Bis(trifluoromethylsulfonyl)imide Ionic Liquids Bearing Short Linear Alkyl Side Chains of Three to Five Carbons'}"
203,"{'full': 'Mutelet, F.; Carre, P.; Skrzypczak, A. (2015) Fluid Phase Equilib. 387, 59-72.', 'title': 'Study of interaction between organic compounds and mono or dicationic oxygenated ionic liquids using gas chromatography'}"
204,"{'full': 'Olivier, E.; Letcher, T. M.; Naidoo, P.; Ramjugernath, D. (2010) J. Chem. Thermodyn. 42(1), 78-83.', 'title': 'Activity coefficients at infinite dilution of organic solutes in the ionic liquid 1-ethyl-3-methylimidazolium trifluoromethanesulfonate using gas liquid chromatography at T = (313.15, 323.15, and 333.15) K'}"
205,"{'full': 'Revelli, A.-L.; Sprunger, L. M.; Gibbs, J.; Acree, Jr., W. E.; Baker, G. A.; Mutelet, F. (2009) J. Chem. Eng. Data 54(3), 977-985.', 'title': 'Activity Coefficients at Infinite Dilution of Organic Compounds in Trihexyl(tetradecyl)phosphonium Bis(trifluoromethylsulfonyl)imide Using Inverse Gas Chromatography'}"
206,"{'full': 'Revelli, A.-L.; Mutelet, F.; Jaubert, J.-N.; Garcia-Martinez, M.; Sprunger, L. M.; Acree, Jr., W. E.; Baker, G. A. (2010) J. Chem. Eng. Data 55(7), 2434-2443.', 'title': 'Study of Ether-, Alcohol-, or Cyano-Functionalized Ionic Liquids Using Inverse Gas Chromatography'}"
207,"{'full': 'Shimoyama, Y.; Hirayama, T.; Iwai, Y. (2008) J. Chem. Eng. Data 53(9), 2106-2111.', 'title': 'Measurement of Infinite Dilution Activity Coefficients of Alcohols, Ketones, and Aromatic Hydrocarbons in 4-Methyl-N-butylpyridinium Tetrafluoroborate and 1-Butyl-3-methylimidazolium Hexafluorophosphate by Gas-Liquid Chromatography'}"
208,"{'full': 'Sudhir, N.; Yadav, P.; Sah, R.; Nautiyal, B.; Ghosh, P.; Nanoti, S. M.; Singh, R. (2019) J. Chem. Eng. Data 64(8), 3337-3345.', 'title': 'Measuring Activity Coefficient at Infinite Dilution of Hydrocarbons in Ionic Liquids and Evaluation of Other Thermodynamic Properties using Gas Chromatography'}"
209,"{'full': 'Letcher, T. M.; Soko, B.; Reddy, P.; Deenadayalu, N. (2003) J. Chem. Eng. Data 48(6), 1587-1590.', 'title': 'Determination of Activity Coefficients at Infinite Dilution of Solutes in the Ionic Liquid 1-Hexyl-3-methylimidazolium Tetrafluoroborate Using Gas-Liquid Chromatography at the Temperatures 298.15 K and 323.15 K'}"
210,"{'full': 'Mutelet, F.; Jaubert, J.-N.; Rogalski, M.; Harmand, J.; Sindt, M.; Mieloszynski, J.-L. (2008) J. Phys. Chem. B 112, 3773-3785.', 'title': 'Activity Coefficients at Infinite Dilution of Organic Compounds in 1-(Meth)acryloyloxyalkyl-3-methylimidazolium Bromide Using Inverse Gas Chromatography'}"
211,"{'full': 'Zhang, J.; Zhang, Q.; Qiao, B.; Deng, Y. (2007) J. Chem. Eng. Data 52(6), 2277-2283.', 'title': 'Solubilities of the Gaseous and Liquid Solutes and Their Thermodynamics of Solubilization in the Novel Room-Temperature Ionic Liquids at Infinite Dilution by Gas Chromatography'}"
212,"{'full': 'Emelyanenko, V. N.; Verevkin, S. P. (2013) Vestn. St. Petersb. Univ., Ser. 4: Fiz. Khim. 113.', 'title': 'Thermodynamic study of pure methylbenzaldehydes and their mixtures with ionic liquids'}"
213,"{'full': 'Heintz, A.; Verevkin, S. P. (2005) J. Chem. Eng. Data 50(5), 1515-1519.', 'title': 'Thermodynamic Properties of Mixtures Containing Ionic Liquids. 6. Activity Coefficients at Infinite Dilution of Hydrocarbons, Alcohols, Esters, and Aldehydes in 1-Methyl-3-octyl-imidazolium Tetrafluoroborate Using Gas-Liquid Chromatography'}"
214,"{'full': ""Heintz, A.; Casas, L. M.; Nesterov, I. A.; Emel'yanenko, V. N.; Verevkin, S. P. (2005) J. Chem. Eng. Data 50(5), 1510-1514."", 'title': 'Thermodynamic Properties of Mixtures Containing Ionic Liquids. 5. Activity Coefficients at Infinite Dilution of Hydrocarbons, Alcohols, Esters, and Aldehydes in 1-Methyl-3-butyl-imidazolium Bis(trifluoromethyl-sulfonyl) Imide Using Gas-Liquid Chromatography'}"
215,"{'full': 'Jork, C.; Kristen, C.; Pieraccini, D.; Stark, A.; Chiappe, C.; Beste, Y.-A.; Arlt, W. (2005) J. Chem. Thermodyn. 37(6), 537-558.', 'title': 'Tailor-made ionic liquids'}"
216,"{'full': 'Kato, R.; Gmehling, J. (2005) Fluid Phase Equilib. 231(1), 38-43.', 'title': 'Measurement and correlation of vapor liquid equilibria of binary systems containing the ionic liquids [EMIM][(CF3SO2)2N], [BMIM][(CF3SO2)2N], [MMIM][(CH3)2PO4] and oxygenated organic compounds respectively water'}"
217,"{'full': 'Mutelet, F.; Jaubert, J.-N.; Rogalski, M.; Boukherissa, M.; Dicko, A. (2006) J. Chem. Eng. Data 51(4), 1274-1279.', 'title': 'Thermodynamic Properties of Mixtures Containing Ionic Liquids: Activity Coefficients at Infinite Dilution of Organic Compounds in 1-Propyl Boronic Acid-3-Alkylimidazolium Bromide and 1-Propenyl-3-alkylimidazolium Bromide Using Inverse Gas Chromatography'}"
218,"{'full': 'Revelli, A.-L.; Mutelet, F.; Jaubert, J.-N. (2010) J. Chem. Thermodyn. 42(2), 177-181.', 'title': '(Vapor + liquid) equilibria of binary mixtures containing light alcohols and ionic liquids'}"
219,"{'full': 'Zhang, Q.; Li, Z.; Zhang, J.; Zhang, S.; Zhu, L.; Yang, J.; Zhang, X.; Deng, Y. (2007) J. Phys. Chem. B 111, 2864-2872.', 'title': 'Physicochemical Properties of Nitrile-Functionalized Ionic Liquids'}"
